<?xml version="1.0" encoding="UTF-8"?>
<GenRun Id="impl_1" LaunchPart="xc7a100tcsg324-1" LaunchTime="1668550388">
  <File Type="ROUTE-PWR" Name="top_new_power_routed.rpt"/>
  <File Type="PA-TCL" Name="top_new.tcl"/>
  <File Type="BITSTR-BMM" Name="top_new_bd.bmm"/>
  <File Type="ROUTE-PWR-SUM" Name="top_new_power_summary_routed.pb"/>
  <File Type="REPORTS-TCL" Name="top_new_reports.tcl"/>
  <File Type="OPT-DCP" Name="top_new_opt.dcp"/>
  <File Type="OPT-DRC" Name="top_new_drc_opted.rpt"/>
  <File Type="OPT-HWDEF" Name="top_new.hwdef"/>
  <File Type="PWROPT-DCP" Name="top_new_pwropt.dcp"/>
  <File Type="PLACE-DCP" Name="top_new_placed.dcp"/>
  <File Type="PLACE-IO" Name="top_new_io_placed.rpt"/>
  <File Type="PLACE-UTIL" Name="top_new_utilization_placed.rpt"/>
  <File Type="PLACE-UTIL-PB" Name="top_new_utilization_placed.pb"/>
  <File Type="PLACE-CTRL" Name="top_new_control_sets_placed.rpt"/>
  <File Type="PLACE-PRE-SIMILARITY" Name="top_new_incremental_reuse_pre_placed.rpt"/>
  <File Type="BG-BGN" Name="top_new.bgn"/>
  <File Type="POSTPLACE-PWROPT-DCP" Name="top_new_postplace_pwropt.dcp"/>
  <File Type="BG-BIN" Name="top_new.bin"/>
  <File Type="PHYSOPT-DCP" Name="top_new_physopt.dcp"/>
  <File Type="BITSTR-MSK" Name="top_new.msk"/>
  <File Type="ROUTE-ERROR-DCP" Name="top_new_routed_error.dcp"/>
  <File Type="ROUTE-DCP" Name="top_new_routed.dcp"/>
  <File Type="ROUTE-BLACKBOX-DCP" Name="top_new_routed_bb.dcp"/>
  <File Type="ROUTE-DRC" Name="top_new_drc_routed.rpt"/>
  <File Type="ROUTE-DRC-PB" Name="top_new_drc_routed.pb"/>
  <File Type="ROUTE-DRC-RPX" Name="top_new_drc_routed.rpx"/>
  <File Type="BITSTR-LTX" Name="top_new.ltx"/>
  <File Type="ROUTE-METHODOLOGY-DRC" Name="top_new_methodology_drc_routed.rpt"/>
  <File Type="BITSTR-MMI" Name="top_new.mmi"/>
  <File Type="ROUTE-METHODOLOGY-DRC-RPX" Name="top_new_methodology_drc_routed.rpx"/>
  <File Type="ROUTE-METHODOLOGY-DRC-PB" Name="top_new_methodology_drc_routed.pb"/>
  <File Type="BITSTR-SYSDEF" Name="top_new.sysdef"/>
  <File Type="ROUTE-PWR-RPX" Name="top_new_power_routed.rpx"/>
  <File Type="ROUTE-STATUS" Name="top_new_route_status.rpt"/>
  <File Type="ROUTE-STATUS-PB" Name="top_new_route_status.pb"/>
  <File Type="ROUTE-TIMINGSUMMARY" Name="top_new_timing_summary_routed.rpt"/>
  <File Type="ROUTE-TIMING-PB" Name="top_new_timing_summary_routed.pb"/>
  <File Type="ROUTE-TIMING-RPX" Name="top_new_timing_summary_routed.rpx"/>
  <File Type="ROUTE-CLK" Name="top_new_clock_utilization_routed.rpt"/>
  <File Type="ROUTE-BUS-SKEW" Name="top_new_bus_skew_routed.rpt"/>
  <File Type="ROUTE-BUS-SKEW-PB" Name="top_new_bus_skew_routed.pb"/>
  <File Type="ROUTE-BUS-SKEW-RPX" Name="top_new_bus_skew_routed.rpx"/>
  <File Type="POSTROUTE-PHYSOPT-DCP" Name="top_new_postroute_physopt.dcp"/>
  <File Type="POSTROUTE-PHYSOPT-BLACKBOX-DCP" Name="top_new_postroute_physopt_bb.dcp"/>
  <File Type="BG-BIT" Name="top_new.bit"/>
  <File Type="BITSTR-RBT" Name="top_new.rbt"/>
  <File Type="BITSTR-NKY" Name="top_new.nky"/>
  <File Type="BG-DRC" Name="top_new.drc"/>
  <File Type="RDI-RDI" Name="top_new.vdi"/>
  <File Type="WBT-USG" Name="usage_statistics_webtalk.html"/>
  <FileSet Name="sources" Type="DesignSrcs" RelSrcDir="$PSRCDIR/sources_1">
    <Filter Type="Srcs"/>
    <File Path="$PPRDIR/../ADC Development/Demos/Nexys7/vivado_proj/Nexys-A7-100T-XADC.srcs/sources_1/imports/hdl/DigitToSeg.v">
      <FileInfo>
        <Attr Name="UsedIn" Val="synthesis"/>
        <Attr Name="UsedIn" Val="implementation"/>
        <Attr Name="UsedIn" Val="simulation"/>
      </FileInfo>
    </File>
    <File Path="$PPRDIR/../Pong Game/hdl/bg_gen.v">
      <FileInfo>
        <Attr Name="UsedIn" Val="synthesis"/>
        <Attr Name="UsedIn" Val="implementation"/>
        <Attr Name="UsedIn" Val="simulation"/>
      </FileInfo>
    </File>
    <File Path="$PPRDIR/../Pong Game/hdl/clock_divider.v">
      <FileInfo>
        <Attr Name="UsedIn" Val="synthesis"/>
        <Attr Name="UsedIn" Val="implementation"/>
        <Attr Name="UsedIn" Val="simulation"/>
      </FileInfo>
    </File>
    <File Path="$PPRDIR/../Analog_Pong_Game/vivado_proj/Nexys-A7-100T-XADC.srcs/sources_1/imports/hdl/counter3bit.v">
      <FileInfo>
        <Attr Name="UsedIn" Val="synthesis"/>
        <Attr Name="UsedIn" Val="implementation"/>
        <Attr Name="UsedIn" Val="simulation"/>
      </FileInfo>
    </File>
    <File Path="$PPRDIR/../Pong Game/hdl/debounce.v">
      <FileInfo>
        <Attr Name="UsedIn" Val="synthesis"/>
        <Attr Name="UsedIn" Val="implementation"/>
        <Attr Name="UsedIn" Val="simulation"/>
      </FileInfo>
    </File>
    <File Path="$PPRDIR/../Pong Game/hdl/dec_bcd.v">
      <FileInfo>
        <Attr Name="UsedIn" Val="synthesis"/>
        <Attr Name="UsedIn" Val="implementation"/>
        <Attr Name="UsedIn" Val="simulation"/>
      </FileInfo>
    </File>
    <File Path="$PPRDIR/../ADC Development/Demos/Nexys7/vivado_proj/Nexys-A7-100T-XADC.srcs/sources_1/imports/hdl/decoder3_8.v">
      <FileInfo>
        <Attr Name="UsedIn" Val="synthesis"/>
        <Attr Name="UsedIn" Val="implementation"/>
        <Attr Name="UsedIn" Val="simulation"/>
      </FileInfo>
    </File>
    <File Path="$PPRDIR/../Pong Game/hdl/game.v">
      <FileInfo>
        <Attr Name="UsedIn" Val="synthesis"/>
        <Attr Name="UsedIn" Val="implementation"/>
        <Attr Name="UsedIn" Val="simulation"/>
      </FileInfo>
    </File>
    <File Path="$PPRDIR/../Pong Game/hdl/increment_one.v">
      <FileInfo>
        <Attr Name="UsedIn" Val="synthesis"/>
        <Attr Name="UsedIn" Val="implementation"/>
        <Attr Name="UsedIn" Val="simulation"/>
      </FileInfo>
    </File>
    <File Path="$PPRDIR/../Pong Game/hdl/menu_screen.v">
      <FileInfo>
        <Attr Name="UsedIn" Val="synthesis"/>
        <Attr Name="UsedIn" Val="implementation"/>
        <Attr Name="UsedIn" Val="simulation"/>
      </FileInfo>
    </File>
    <File Path="$PPRDIR/../Analog_Pong_Game/vivado_proj/Nexys-A7-100T-XADC.srcs/sources_1/imports/hdl/mux4_4bus.v">
      <FileInfo>
        <Attr Name="UsedIn" Val="synthesis"/>
        <Attr Name="UsedIn" Val="implementation"/>
        <Attr Name="UsedIn" Val="simulation"/>
      </FileInfo>
    </File>
    <File Path="$PPRDIR/../Pong Game/hdl/num_hex.v">
      <FileInfo>
        <Attr Name="UsedIn" Val="synthesis"/>
        <Attr Name="UsedIn" Val="implementation"/>
        <Attr Name="UsedIn" Val="simulation"/>
      </FileInfo>
    </File>
    <File Path="$PPRDIR/../Pong Game/hdl/paddle.v">
      <FileInfo>
        <Attr Name="UsedIn" Val="synthesis"/>
        <Attr Name="UsedIn" Val="implementation"/>
        <Attr Name="UsedIn" Val="simulation"/>
      </FileInfo>
    </File>
    <File Path="$PPRDIR/../Pong Game/hdl/score_to_7seg.v">
      <FileInfo>
        <Attr Name="UsedIn" Val="synthesis"/>
        <Attr Name="UsedIn" Val="implementation"/>
        <Attr Name="UsedIn" Val="simulation"/>
      </FileInfo>
    </File>
    <File Path="$PPRDIR/../Analog_Pong_Game/vivado_proj/Nexys-A7-100T-XADC.srcs/sources_1/imports/hdl/segClkDevider.v">
      <FileInfo>
        <Attr Name="UsedIn" Val="synthesis"/>
        <Attr Name="UsedIn" Val="implementation"/>
        <Attr Name="UsedIn" Val="simulation"/>
      </FileInfo>
    </File>
    <File Path="$PPRDIR/../Analog_Pong_Game/vivado_proj/Nexys-A7-100T-XADC.srcs/sources_1/imports/hdl/sevensegdecoder.v">
      <FileInfo>
        <Attr Name="UsedIn" Val="synthesis"/>
        <Attr Name="UsedIn" Val="implementation"/>
        <Attr Name="UsedIn" Val="simulation"/>
      </FileInfo>
    </File>
    <File Path="$PPRDIR/../Pong Game/hdl/square.v">
      <FileInfo>
        <Attr Name="UsedIn" Val="synthesis"/>
        <Attr Name="UsedIn" Val="implementation"/>
        <Attr Name="UsedIn" Val="simulation"/>
      </FileInfo>
    </File>
    <File Path="$PPRDIR/../Pong Game/hdl/sram.v">
      <FileInfo>
        <Attr Name="UsedIn" Val="synthesis"/>
        <Attr Name="UsedIn" Val="implementation"/>
        <Attr Name="UsedIn" Val="simulation"/>
      </FileInfo>
    </File>
    <File Path="$PPRDIR/../Pong Game/hdl/start_square.v">
      <FileInfo>
        <Attr Name="UsedIn" Val="synthesis"/>
        <Attr Name="UsedIn" Val="implementation"/>
        <Attr Name="UsedIn" Val="simulation"/>
      </FileInfo>
    </File>
    <File Path="$PPRDIR/../Analog_Pong_Game/vivado_proj/Nexys-A7-100T-XADC.srcs/sources_1/imports/hdl/top.v">
      <FileInfo>
        <Attr Name="UsedIn" Val="synthesis"/>
        <Attr Name="UsedIn" Val="implementation"/>
        <Attr Name="UsedIn" Val="simulation"/>
      </FileInfo>
    </File>
    <File Path="$PPRDIR/../Pong Game/hdl/topmodule.v">
      <FileInfo>
        <Attr Name="UsedIn" Val="synthesis"/>
        <Attr Name="UsedIn" Val="implementation"/>
        <Attr Name="UsedIn" Val="simulation"/>
      </FileInfo>
    </File>
    <File Path="$PPRDIR/../Pong Game/hdl/vga640x480.v">
      <FileInfo>
        <Attr Name="UsedIn" Val="synthesis"/>
        <Attr Name="UsedIn" Val="implementation"/>
        <Attr Name="UsedIn" Val="simulation"/>
      </FileInfo>
    </File>
    <File Path="$PPRDIR/../ADC Development/Demos/Nexys7/vivado_proj/Nexys-A7-100T-XADC.srcs/xadc_wiz_0/ip/xadc_wiz_0/xadc_wiz_0.v">
      <FileInfo>
        <Attr Name="UsedIn" Val="synthesis"/>
        <Attr Name="UsedIn" Val="implementation"/>
        <Attr Name="UsedIn" Val="simulation"/>
      </FileInfo>
    </File>
    <File Path="$PPRDIR/../Analog_Pong_Game/vivado_proj/Nexys-A7-100T-XADC.srcs/sources_1/new/top_new.v">
      <FileInfo>
        <Attr Name="UsedIn" Val="synthesis"/>
        <Attr Name="UsedIn" Val="implementation"/>
        <Attr Name="UsedIn" Val="simulation"/>
      </FileInfo>
    </File>
    <File Path="$PPRDIR/../Analog_Pong_Game/vivado_proj/Nexys-A7-100T-XADC.srcs/sources_1/imports/hdl/UART_TX_CTRL.vhd">
      <FileInfo>
        <Attr Name="AutoDisabled" Val="1"/>
        <Attr Name="UsedIn" Val="synthesis"/>
        <Attr Name="UsedIn" Val="simulation"/>
      </FileInfo>
    </File>
    <File Path="$PPRDIR/../Pong Game/bitmaps/over_palette.mem">
      <FileInfo>
        <Attr Name="UsedIn" Val="synthesis"/>
        <Attr Name="UsedIn" Val="simulation"/>
      </FileInfo>
    </File>
    <File Path="$PPRDIR/../Pong Game/bitmaps/gameover_palette.mem">
      <FileInfo>
        <Attr Name="UsedIn" Val="synthesis"/>
        <Attr Name="UsedIn" Val="simulation"/>
      </FileInfo>
    </File>
    <File Path="$PPRDIR/../Pong Game/bitmaps/over.mem">
      <FileInfo>
        <Attr Name="UsedIn" Val="synthesis"/>
        <Attr Name="UsedIn" Val="simulation"/>
      </FileInfo>
    </File>
    <File Path="$PPRDIR/../Pong Game/bitmaps/gameover.mem">
      <FileInfo>
        <Attr Name="UsedIn" Val="synthesis"/>
        <Attr Name="UsedIn" Val="simulation"/>
      </FileInfo>
    </File>
    <Config>
      <Option Name="DesignMode" Val="RTL"/>
      <Option Name="TopModule" Val="top_new"/>
      <Option Name="TopAutoSet" Val="TRUE"/>
    </Config>
  </FileSet>
  <FileSet Name="constrs_in" Type="Constrs" RelSrcDir="$PSRCDIR/constrs_1">
    <Filter Type="Constrs"/>
    <File Path="$PPRDIR/../Analog_Pong_Game/vivado_proj/Nexys-A7-100T-XADC.srcs/constrs_1/imports/constraints/Nexys-A7-100T-Master.xdc">
      <FileInfo>
        <Attr Name="UsedIn" Val="synthesis"/>
        <Attr Name="UsedIn" Val="implementation"/>
      </FileInfo>
    </File>
    <Config>
      <Option Name="ConstrsType" Val="XDC"/>
    </Config>
  </FileSet>
  <FileSet Name="utils" Type="Utils" RelSrcDir="$PSRCDIR/utils_1">
    <Filter Type="Utils"/>
    <Config>
      <Option Name="TopAutoSet" Val="TRUE"/>
    </Config>
  </FileSet>
  <Strategy Version="1" Minor="2">
    <StratHandle Name="Vivado Implementation Defaults" Flow="Vivado Implementation 2019"/>
    <Step Id="init_design"/>
    <Step Id="opt_design"/>
    <Step Id="power_opt_design"/>
    <Step Id="place_design"/>
    <Step Id="post_place_power_opt_design"/>
    <Step Id="phys_opt_design"/>
    <Step Id="route_design"/>
    <Step Id="post_route_phys_opt_design"/>
    <Step Id="write_bitstream"/>
  </Strategy>
</GenRun>
