<?xml version="1.0" encoding="UTF-8"?>
<GenRun Id="synth_1" LaunchPart="xc7a100tcsg324-1" LaunchTime="1670018450">
  <File Type="PA-TCL" Name="top_Game.tcl"/>
  <File Type="RDS-PROPCONSTRS" Name="top_Game_drc_synth.rpt"/>
  <File Type="REPORTS-TCL" Name="top_Game_reports.tcl"/>
  <File Type="RDS-RDS" Name="top_Game.vds"/>
  <File Type="RDS-UTIL" Name="top_Game_utilization_synth.rpt"/>
  <File Type="RDS-UTIL-PB" Name="top_Game_utilization_synth.pb"/>
  <File Type="RDS-DCP" Name="top_Game.dcp"/>
  <File Type="VDS-TIMINGSUMMARY" Name="top_Game_timing_summary_synth.rpt"/>
  <File Type="VDS-TIMING-PB" Name="top_Game_timing_summary_synth.pb"/>
  <FileSet Name="sources" Type="DesignSrcs" RelSrcDir="$PSRCDIR/sources_1">
    <Filter Type="Srcs"/>
    <File Path="$PSRCDIR/sources_1/imports/Downloads/EC551_FinalProject-ma/EC551_FinalProject-main/Analog_Pong_Game/Single Button Game/2018_ADC_Demo/Nexys-A7-100T-XADC.srcs/sources_1/imports/hdl/DigitToSeg.v">
      <FileInfo>
        <Attr Name="ImportPath" Val="$PPRDIR/../EC551_FinalProject-ma/EC551_FinalProject-main/Analog_Pong_Game/Single Button Game/2018_ADC_Demo/Nexys-A7-100T-XADC.srcs/sources_1/imports/hdl/DigitToSeg.v"/>
        <Attr Name="ImportTime" Val="1669399581"/>
        <Attr Name="UsedIn" Val="synthesis"/>
        <Attr Name="UsedIn" Val="implementation"/>
        <Attr Name="UsedIn" Val="simulation"/>
      </FileInfo>
    </File>
    <File Path="$PSRCDIR/sources_1/imports/Downloads/EC551_FinalProject-ma/EC551_FinalProject-main/Analog_Pong_Game/Single Button Game/2018_ADC_Demo/Nexys-A7-100T-XADC.srcs/sources_1/imports/EC551_FinalProject/analog2game.v">
      <FileInfo>
        <Attr Name="ImportPath" Val="$PPRDIR/../EC551_FinalProject-ma/EC551_FinalProject-main/Analog_Pong_Game/Single Button Game/2018_ADC_Demo/Nexys-A7-100T-XADC.srcs/sources_1/imports/EC551_FinalProject/analog2game.v"/>
        <Attr Name="ImportTime" Val="1669399581"/>
        <Attr Name="UsedIn" Val="synthesis"/>
        <Attr Name="UsedIn" Val="implementation"/>
        <Attr Name="UsedIn" Val="simulation"/>
      </FileInfo>
    </File>
    <File Path="$PSRCDIR/sources_1/new/bg_gen.v">
      <FileInfo>
        <Attr Name="UsedIn" Val="synthesis"/>
        <Attr Name="UsedIn" Val="implementation"/>
        <Attr Name="UsedIn" Val="simulation"/>
      </FileInfo>
    </File>
    <File Path="$PSRCDIR/sources_1/imports/Downloads/EC551_FinalProject-ma/EC551_FinalProject-main/Analog_Pong_Game/Single Button Game/2018_ADC_Demo/Nexys-A7-100T-XADC.srcs/sources_1/imports/hdl/clock_divider.v">
      <FileInfo>
        <Attr Name="ImportPath" Val="$PPRDIR/../EC551_FinalProject-ma/EC551_FinalProject-main/Analog_Pong_Game/Single Button Game/2018_ADC_Demo/Nexys-A7-100T-XADC.srcs/sources_1/imports/hdl/clock_divider.v"/>
        <Attr Name="ImportTime" Val="1669399581"/>
        <Attr Name="UsedIn" Val="synthesis"/>
        <Attr Name="UsedIn" Val="implementation"/>
        <Attr Name="UsedIn" Val="simulation"/>
      </FileInfo>
    </File>
    <File Path="$PSRCDIR/sources_1/imports/Downloads/EC551_FinalProject-ma/EC551_FinalProject-main/Analog_Pong_Game/Single Button Game/2018_ADC_Demo/Nexys-A7-100T-XADC.srcs/sources_1/imports/hdl/counter3bit.v">
      <FileInfo>
        <Attr Name="ImportPath" Val="$PPRDIR/../EC551_FinalProject-ma/EC551_FinalProject-main/Analog_Pong_Game/Single Button Game/2018_ADC_Demo/Nexys-A7-100T-XADC.srcs/sources_1/imports/hdl/counter3bit.v"/>
        <Attr Name="ImportTime" Val="1669399581"/>
        <Attr Name="UsedIn" Val="synthesis"/>
        <Attr Name="UsedIn" Val="implementation"/>
        <Attr Name="UsedIn" Val="simulation"/>
      </FileInfo>
    </File>
    <File Path="$PSRCDIR/sources_1/imports/Downloads/EC551_FinalProject-ma/EC551_FinalProject-main/Analog_Pong_Game/Single Button Game/2018_ADC_Demo/Nexys-A7-100T-XADC.srcs/sources_1/imports/hdl/debounce.v">
      <FileInfo>
        <Attr Name="ImportPath" Val="$PPRDIR/../EC551_FinalProject-ma/EC551_FinalProject-main/Analog_Pong_Game/Single Button Game/2018_ADC_Demo/Nexys-A7-100T-XADC.srcs/sources_1/imports/hdl/debounce.v"/>
        <Attr Name="ImportTime" Val="1669399581"/>
        <Attr Name="UsedIn" Val="synthesis"/>
        <Attr Name="UsedIn" Val="implementation"/>
        <Attr Name="UsedIn" Val="simulation"/>
      </FileInfo>
    </File>
    <File Path="$PSRCDIR/sources_1/imports/Downloads/EC551_FinalProject-ma/EC551_FinalProject-main/Analog_Pong_Game/Single Button Game/2018_ADC_Demo/Nexys-A7-100T-XADC.srcs/sources_1/imports/hdl/dec_bcd.v">
      <FileInfo>
        <Attr Name="ImportPath" Val="$PPRDIR/../EC551_FinalProject-ma/EC551_FinalProject-main/Analog_Pong_Game/Single Button Game/2018_ADC_Demo/Nexys-A7-100T-XADC.srcs/sources_1/imports/hdl/dec_bcd.v"/>
        <Attr Name="ImportTime" Val="1669399581"/>
        <Attr Name="UsedIn" Val="synthesis"/>
        <Attr Name="UsedIn" Val="implementation"/>
        <Attr Name="UsedIn" Val="simulation"/>
      </FileInfo>
    </File>
    <File Path="$PSRCDIR/sources_1/imports/Downloads/EC551_FinalProject-ma/EC551_FinalProject-main/Analog_Pong_Game/Single Button Game/2018_ADC_Demo/Nexys-A7-100T-XADC.srcs/sources_1/imports/hdl/decoder3_8.v">
      <FileInfo>
        <Attr Name="ImportPath" Val="$PPRDIR/../EC551_FinalProject-ma/EC551_FinalProject-main/Analog_Pong_Game/Single Button Game/2018_ADC_Demo/Nexys-A7-100T-XADC.srcs/sources_1/imports/hdl/decoder3_8.v"/>
        <Attr Name="ImportTime" Val="1669399581"/>
        <Attr Name="UsedIn" Val="synthesis"/>
        <Attr Name="UsedIn" Val="implementation"/>
        <Attr Name="UsedIn" Val="simulation"/>
      </FileInfo>
    </File>
    <File Path="$PSRCDIR/sources_1/new/end_capture.v">
      <FileInfo>
        <Attr Name="UsedIn" Val="synthesis"/>
        <Attr Name="UsedIn" Val="implementation"/>
        <Attr Name="UsedIn" Val="simulation"/>
      </FileInfo>
    </File>
    <File Path="$PSRCDIR/sources_1/imports/Downloads/EC551_FinalProject-ma/EC551_FinalProject-main/Analog_Pong_Game/Single Button Game/2018_ADC_Demo/Nexys-A7-100T-XADC.srcs/sources_1/imports/hdl/game.v">
      <FileInfo>
        <Attr Name="ImportPath" Val="$PPRDIR/../EC551_FinalProject-ma/EC551_FinalProject-main/Analog_Pong_Game/Single Button Game/2018_ADC_Demo/Nexys-A7-100T-XADC.srcs/sources_1/imports/hdl/game.v"/>
        <Attr Name="ImportTime" Val="1669399581"/>
        <Attr Name="UsedIn" Val="synthesis"/>
        <Attr Name="UsedIn" Val="implementation"/>
        <Attr Name="UsedIn" Val="simulation"/>
      </FileInfo>
    </File>
    <File Path="$PSRCDIR/sources_1/imports/Downloads/EC551_FinalProject-ma/EC551_FinalProject-main/Analog_Pong_Game/Single Button Game/2018_ADC_Demo/Nexys-A7-100T-XADC.srcs/sources_1/imports/hdl/increment_one.v">
      <FileInfo>
        <Attr Name="ImportPath" Val="$PPRDIR/../EC551_FinalProject-ma/EC551_FinalProject-main/Analog_Pong_Game/Single Button Game/2018_ADC_Demo/Nexys-A7-100T-XADC.srcs/sources_1/imports/hdl/increment_one.v"/>
        <Attr Name="ImportTime" Val="1669399581"/>
        <Attr Name="UsedIn" Val="synthesis"/>
        <Attr Name="UsedIn" Val="implementation"/>
        <Attr Name="UsedIn" Val="simulation"/>
      </FileInfo>
    </File>
    <File Path="$PSRCDIR/sources_1/imports/Downloads/EC551_FinalProject-ma/EC551_FinalProject-main/Analog_Pong_Game/Single Button Game/2018_ADC_Demo/Nexys-A7-100T-XADC.srcs/sources_1/imports/hdl/menu_screen.v">
      <FileInfo>
        <Attr Name="ImportPath" Val="$PPRDIR/../EC551_FinalProject-ma/EC551_FinalProject-main/Analog_Pong_Game/Single Button Game/2018_ADC_Demo/Nexys-A7-100T-XADC.srcs/sources_1/imports/hdl/menu_screen.v"/>
        <Attr Name="ImportTime" Val="1669399582"/>
        <Attr Name="UsedIn" Val="synthesis"/>
        <Attr Name="UsedIn" Val="implementation"/>
        <Attr Name="UsedIn" Val="simulation"/>
      </FileInfo>
    </File>
    <File Path="$PSRCDIR/sources_1/imports/Downloads/EC551_FinalProject-ma/EC551_FinalProject-main/Analog_Pong_Game/Single Button Game/2018_ADC_Demo/Nexys-A7-100T-XADC.srcs/sources_1/imports/hdl/mux4_4bus.v">
      <FileInfo>
        <Attr Name="ImportPath" Val="$PPRDIR/../EC551_FinalProject-ma/EC551_FinalProject-main/Analog_Pong_Game/Single Button Game/2018_ADC_Demo/Nexys-A7-100T-XADC.srcs/sources_1/imports/hdl/mux4_4bus.v"/>
        <Attr Name="ImportTime" Val="1669399582"/>
        <Attr Name="UsedIn" Val="synthesis"/>
        <Attr Name="UsedIn" Val="implementation"/>
        <Attr Name="UsedIn" Val="simulation"/>
      </FileInfo>
    </File>
    <File Path="$PSRCDIR/sources_1/imports/Downloads/EC551_FinalProject-ma/EC551_FinalProject-main/Analog_Pong_Game/Single Button Game/2018_ADC_Demo/Nexys-A7-100T-XADC.srcs/sources_1/imports/hdl/num_hex.v">
      <FileInfo>
        <Attr Name="ImportPath" Val="$PPRDIR/../EC551_FinalProject-ma/EC551_FinalProject-main/Analog_Pong_Game/Single Button Game/2018_ADC_Demo/Nexys-A7-100T-XADC.srcs/sources_1/imports/hdl/num_hex.v"/>
        <Attr Name="ImportTime" Val="1669399582"/>
        <Attr Name="UsedIn" Val="synthesis"/>
        <Attr Name="UsedIn" Val="implementation"/>
        <Attr Name="UsedIn" Val="simulation"/>
      </FileInfo>
    </File>
    <File Path="$PSRCDIR/sources_1/imports/Downloads/EC551_FinalProject-ma/EC551_FinalProject-main/Analog_Pong_Game/Single Button Game/2018_ADC_Demo/Nexys-A7-100T-XADC.srcs/sources_1/imports/hdl/paddle.v">
      <FileInfo>
        <Attr Name="ImportPath" Val="$PPRDIR/../EC551_FinalProject-ma/EC551_FinalProject-main/Analog_Pong_Game/Single Button Game/2018_ADC_Demo/Nexys-A7-100T-XADC.srcs/sources_1/imports/hdl/paddle.v"/>
        <Attr Name="ImportTime" Val="1669399582"/>
        <Attr Name="UsedIn" Val="synthesis"/>
        <Attr Name="UsedIn" Val="implementation"/>
        <Attr Name="UsedIn" Val="simulation"/>
      </FileInfo>
    </File>
    <File Path="$PSRCDIR/sources_1/imports/Downloads/EC551_FinalProject-ma/EC551_FinalProject-main/Analog_Pong_Game/Single Button Game/2018_ADC_Demo/Nexys-A7-100T-XADC.srcs/sources_1/imports/hdl/score_to_7seg.v">
      <FileInfo>
        <Attr Name="ImportPath" Val="$PPRDIR/../EC551_FinalProject-ma/EC551_FinalProject-main/Analog_Pong_Game/Single Button Game/2018_ADC_Demo/Nexys-A7-100T-XADC.srcs/sources_1/imports/hdl/score_to_7seg.v"/>
        <Attr Name="ImportTime" Val="1669399582"/>
        <Attr Name="UsedIn" Val="synthesis"/>
        <Attr Name="UsedIn" Val="implementation"/>
        <Attr Name="UsedIn" Val="simulation"/>
      </FileInfo>
    </File>
    <File Path="$PSRCDIR/sources_1/imports/Downloads/EC551_FinalProject-ma/EC551_FinalProject-main/Analog_Pong_Game/Single Button Game/2018_ADC_Demo/Nexys-A7-100T-XADC.srcs/sources_1/imports/hdl/segClkDevider.v">
      <FileInfo>
        <Attr Name="ImportPath" Val="$PPRDIR/../EC551_FinalProject-ma/EC551_FinalProject-main/Analog_Pong_Game/Single Button Game/2018_ADC_Demo/Nexys-A7-100T-XADC.srcs/sources_1/imports/hdl/segClkDevider.v"/>
        <Attr Name="ImportTime" Val="1669399582"/>
        <Attr Name="UsedIn" Val="synthesis"/>
        <Attr Name="UsedIn" Val="implementation"/>
        <Attr Name="UsedIn" Val="simulation"/>
      </FileInfo>
    </File>
    <File Path="$PSRCDIR/sources_1/imports/Downloads/EC551_FinalProject-ma/EC551_FinalProject-main/Analog_Pong_Game/Single Button Game/2018_ADC_Demo/Nexys-A7-100T-XADC.srcs/sources_1/imports/hdl/sevensegdecoder.v">
      <FileInfo>
        <Attr Name="ImportPath" Val="$PPRDIR/../EC551_FinalProject-ma/EC551_FinalProject-main/Analog_Pong_Game/Single Button Game/2018_ADC_Demo/Nexys-A7-100T-XADC.srcs/sources_1/imports/hdl/sevensegdecoder.v"/>
        <Attr Name="ImportTime" Val="1669399582"/>
        <Attr Name="UsedIn" Val="synthesis"/>
        <Attr Name="UsedIn" Val="implementation"/>
        <Attr Name="UsedIn" Val="simulation"/>
      </FileInfo>
    </File>
    <File Path="$PSRCDIR/sources_1/imports/Downloads/EC551_FinalProject-ma/EC551_FinalProject-main/Analog_Pong_Game/Single Button Game/2018_ADC_Demo/Nexys-A7-100T-XADC.srcs/sources_1/imports/hdl/square.v">
      <FileInfo>
        <Attr Name="ImportPath" Val="$PPRDIR/../EC551_FinalProject-ma/EC551_FinalProject-main/Analog_Pong_Game/Single Button Game/2018_ADC_Demo/Nexys-A7-100T-XADC.srcs/sources_1/imports/hdl/square.v"/>
        <Attr Name="ImportTime" Val="1669399582"/>
        <Attr Name="UsedIn" Val="synthesis"/>
        <Attr Name="UsedIn" Val="implementation"/>
        <Attr Name="UsedIn" Val="simulation"/>
      </FileInfo>
    </File>
    <File Path="$PSRCDIR/sources_1/imports/Downloads/EC551_FinalProject-ma/EC551_FinalProject-main/Analog_Pong_Game/Single Button Game/2018_ADC_Demo/Nexys-A7-100T-XADC.srcs/sources_1/imports/hdl/sram.v">
      <FileInfo>
        <Attr Name="ImportPath" Val="$PPRDIR/../EC551_FinalProject-ma/EC551_FinalProject-main/Analog_Pong_Game/Single Button Game/2018_ADC_Demo/Nexys-A7-100T-XADC.srcs/sources_1/imports/hdl/sram.v"/>
        <Attr Name="ImportTime" Val="1669399582"/>
        <Attr Name="UsedIn" Val="synthesis"/>
        <Attr Name="UsedIn" Val="implementation"/>
        <Attr Name="UsedIn" Val="simulation"/>
      </FileInfo>
    </File>
    <File Path="$PSRCDIR/sources_1/imports/Downloads/EC551_FinalProject-ma/EC551_FinalProject-main/Analog_Pong_Game/Single Button Game/2018_ADC_Demo/Nexys-A7-100T-XADC.srcs/sources_1/imports/hdl/start_square.v">
      <FileInfo>
        <Attr Name="ImportPath" Val="$PPRDIR/../EC551_FinalProject-ma/EC551_FinalProject-main/Analog_Pong_Game/Single Button Game/2018_ADC_Demo/Nexys-A7-100T-XADC.srcs/sources_1/imports/hdl/start_square.v"/>
        <Attr Name="ImportTime" Val="1669399582"/>
        <Attr Name="UsedIn" Val="synthesis"/>
        <Attr Name="UsedIn" Val="implementation"/>
        <Attr Name="UsedIn" Val="simulation"/>
      </FileInfo>
    </File>
    <File Path="$PSRCDIR/sources_1/imports/Downloads/EC551_FinalProject-ma/EC551_FinalProject-main/Analog_Pong_Game/Single Button Game/2018_ADC_Demo/Nexys-A7-100T-XADC.srcs/sources_1/imports/hdl/top.v">
      <FileInfo>
        <Attr Name="ImportPath" Val="$PPRDIR/../EC551_FinalProject-ma/EC551_FinalProject-main/Analog_Pong_Game/Single Button Game/2018_ADC_Demo/Nexys-A7-100T-XADC.srcs/sources_1/imports/hdl/top.v"/>
        <Attr Name="ImportTime" Val="1669399582"/>
        <Attr Name="UsedIn" Val="synthesis"/>
        <Attr Name="UsedIn" Val="implementation"/>
        <Attr Name="UsedIn" Val="simulation"/>
      </FileInfo>
    </File>
    <File Path="$PSRCDIR/sources_1/imports/Downloads/EC551_FinalProject-ma/EC551_FinalProject-main/Analog_Pong_Game/Single Button Game/2018_ADC_Demo/Nexys-A7-100T-XADC.srcs/sources_1/imports/hdl/topmodule.v">
      <FileInfo>
        <Attr Name="ImportPath" Val="$PPRDIR/../EC551_FinalProject-ma/EC551_FinalProject-main/Analog_Pong_Game/Single Button Game/2018_ADC_Demo/Nexys-A7-100T-XADC.srcs/sources_1/imports/hdl/topmodule.v"/>
        <Attr Name="ImportTime" Val="1669399582"/>
        <Attr Name="UsedIn" Val="synthesis"/>
        <Attr Name="UsedIn" Val="implementation"/>
        <Attr Name="UsedIn" Val="simulation"/>
      </FileInfo>
    </File>
    <File Path="$PSRCDIR/sources_1/imports/Downloads/EC551_FinalProject-ma/EC551_FinalProject-main/Analog_Pong_Game/Single Button Game/2018_ADC_Demo/Nexys-A7-100T-XADC.srcs/sources_1/imports/hdl/vga640x480.v">
      <FileInfo>
        <Attr Name="ImportPath" Val="$PPRDIR/../EC551_FinalProject-ma/EC551_FinalProject-main/Analog_Pong_Game/Single Button Game/2018_ADC_Demo/Nexys-A7-100T-XADC.srcs/sources_1/imports/hdl/vga640x480.v"/>
        <Attr Name="ImportTime" Val="1669399582"/>
        <Attr Name="UsedIn" Val="synthesis"/>
        <Attr Name="UsedIn" Val="implementation"/>
        <Attr Name="UsedIn" Val="simulation"/>
      </FileInfo>
    </File>
    <File Path="$PSRCDIR/sources_1/imports/Downloads/EC551_FinalProject-ma/EC551_FinalProject-main/Analog_Pong_Game/Single Button Game/2018_ADC_Demo/Nexys-A7-100T-XADC.srcs/sources_1/imports/new/top_Game.v">
      <FileInfo>
        <Attr Name="ImportPath" Val="$PPRDIR/../EC551_FinalProject-ma/EC551_FinalProject-main/Analog_Pong_Game/Single Button Game/2018_ADC_Demo/Nexys-A7-100T-XADC.srcs/sources_1/imports/new/top_Game.v"/>
        <Attr Name="ImportTime" Val="1669399582"/>
        <Attr Name="UsedIn" Val="synthesis"/>
        <Attr Name="UsedIn" Val="implementation"/>
        <Attr Name="UsedIn" Val="simulation"/>
      </FileInfo>
    </File>
    <File Path="$PSRCDIR/sources_1/new/sram_write.v">
      <FileInfo>
        <Attr Name="AutoDisabled" Val="1"/>
        <Attr Name="UsedIn" Val="synthesis"/>
        <Attr Name="UsedIn" Val="implementation"/>
        <Attr Name="UsedIn" Val="simulation"/>
      </FileInfo>
    </File>
    <File Path="$PSRCDIR/sources_1/imports/ip/xadc_wiz_0/xadc_wiz_0.v">
      <FileInfo>
        <Attr Name="AutoDisabled" Val="1"/>
        <Attr Name="ImportPath" Val="$PPRDIR/../EC551_FinalProject-ma/EC551_FinalProject-main/Analog_Pong_Game/Single Button Game/2018_ADC_Demo/Nexys-A7-100T-XADC.srcs/xadc_wiz_0/ip/xadc_wiz_0/xadc_wiz_0.v"/>
        <Attr Name="ImportTime" Val="1669399582"/>
        <Attr Name="UsedIn" Val="synthesis"/>
        <Attr Name="UsedIn" Val="implementation"/>
        <Attr Name="UsedIn" Val="simulation"/>
      </FileInfo>
    </File>
    <File Path="$PSRCDIR/sources_1/imports/Downloads/EC551_FinalProject-ma/EC551_FinalProject-main/Analog_Pong_Game/Single Button Game/2018_ADC_Demo/Nexys-A7-100T-XADC.srcs/sources_1/imports/hdl/UART_TX_CTRL.vhd">
      <FileInfo>
        <Attr Name="AutoDisabled" Val="1"/>
        <Attr Name="ImportPath" Val="$PPRDIR/../EC551_FinalProject-ma/EC551_FinalProject-main/Analog_Pong_Game/Single Button Game/2018_ADC_Demo/Nexys-A7-100T-XADC.srcs/sources_1/imports/hdl/UART_TX_CTRL.vhd"/>
        <Attr Name="ImportTime" Val="1669399581"/>
        <Attr Name="UsedIn" Val="synthesis"/>
        <Attr Name="UsedIn" Val="simulation"/>
      </FileInfo>
    </File>
    <File Path="$PSRCDIR/sources_1/imports/Downloads/EC551_FinalProject-ma/EC551_FinalProject-main/memory_part/bram.v">
      <FileInfo>
        <Attr Name="AutoDisabled" Val="1"/>
        <Attr Name="ImportPath" Val="$PPRDIR/../EC551_FinalProject-ma/EC551_FinalProject-main/memory_part/bram.v"/>
        <Attr Name="ImportTime" Val="1669399584"/>
        <Attr Name="UsedIn" Val="synthesis"/>
        <Attr Name="UsedIn" Val="implementation"/>
        <Attr Name="UsedIn" Val="simulation"/>
      </FileInfo>
    </File>
    <File Path="$PSRCDIR/sources_1/imports/memory_part/over.mem">
      <FileInfo>
        <Attr Name="ImportPath" Val="$PPRDIR/../Working Copy 11.23/EC551_FinalProject/memory_part/over.mem"/>
        <Attr Name="ImportTime" Val="1670014639"/>
        <Attr Name="UsedIn" Val="synthesis"/>
        <Attr Name="UsedIn" Val="simulation"/>
      </FileInfo>
    </File>
    <File Path="$PSRCDIR/sources_1/imports/memory_part/gameover.mem">
      <FileInfo>
        <Attr Name="ImportPath" Val="$PPRDIR/../Working Copy 11.23/EC551_FinalProject/memory_part/gameover.mem"/>
        <Attr Name="ImportTime" Val="1670014639"/>
        <Attr Name="UsedIn" Val="synthesis"/>
        <Attr Name="UsedIn" Val="simulation"/>
      </FileInfo>
    </File>
    <File Path="$PSRCDIR/sources_1/imports/memory_part/gameover_palette.mem">
      <FileInfo>
        <Attr Name="ImportPath" Val="$PPRDIR/../Working Copy 11.23/EC551_FinalProject/memory_part/gameover_palette.mem"/>
        <Attr Name="ImportTime" Val="1670014639"/>
        <Attr Name="UsedIn" Val="synthesis"/>
        <Attr Name="UsedIn" Val="simulation"/>
      </FileInfo>
    </File>
    <File Path="$PSRCDIR/sources_1/imports/memory_part/over_palette.mem">
      <FileInfo>
        <Attr Name="ImportPath" Val="$PPRDIR/../Working Copy 11.23/EC551_FinalProject/memory_part/over_palette.mem"/>
        <Attr Name="ImportTime" Val="1670014639"/>
        <Attr Name="UsedIn" Val="synthesis"/>
        <Attr Name="UsedIn" Val="simulation"/>
      </FileInfo>
    </File>
    <Config>
      <Option Name="DesignMode" Val="RTL"/>
      <Option Name="TopModule" Val="top_Game"/>
    </Config>
  </FileSet>
  <FileSet Name="constrs_in" Type="Constrs" RelSrcDir="$PSRCDIR/constrs_1">
    <Filter Type="Constrs"/>
    <File Path="$PSRCDIR/constrs_1/imports/constraints/Nexys-A7-100T-Master.xdc">
      <FileInfo>
        <Attr Name="ImportPath" Val="$PPRDIR/../EC551_FinalProject-ma/EC551_FinalProject-main/Analog_Pong_Game/Single Button Game/2018_ADC_Demo/Nexys-A7-100T-XADC.srcs/constrs_1/imports/constraints/Nexys-A7-100T-Master.xdc"/>
        <Attr Name="ImportTime" Val="1669399581"/>
        <Attr Name="UsedIn" Val="synthesis"/>
        <Attr Name="UsedIn" Val="implementation"/>
      </FileInfo>
    </File>
    <Config>
      <Option Name="TargetConstrsFile" Val="$PSRCDIR/constrs_1/imports/constraints/Nexys-A7-100T-Master.xdc"/>
      <Option Name="ConstrsType" Val="XDC"/>
    </Config>
  </FileSet>
  <FileSet Name="utils" Type="Utils" RelSrcDir="$PSRCDIR/utils_1">
    <Filter Type="Utils"/>
    <Config>
      <Option Name="TopAutoSet" Val="TRUE"/>
    </Config>
  </FileSet>
  <Strategy Version="1" Minor="2">
    <StratHandle Name="Vivado Synthesis Defaults" Flow="Vivado Synthesis 2019"/>
    <Step Id="synth_design"/>
  </Strategy>
  <BlockFileSet Type="BlockSrcs" Name="xadc_wiz_0"/>
</GenRun>
