<?xml version="1.0" encoding="UTF-8"?>
<GenRun Id="synth_1" LaunchPart="xc7a100tcsg324-1" LaunchTime="1670286390">
  <File Type="PA-TCL" Name="top_Game.tcl"/>
  <File Type="RDS-PROPCONSTRS" Name="top_Game_drc_synth.rpt"/>
  <File Type="REPORTS-TCL" Name="top_Game_reports.tcl"/>
  <File Type="RDS-RDS" Name="top_Game.vds"/>
  <File Type="RDS-UTIL" Name="top_Game_utilization_synth.rpt"/>
  <File Type="RDS-UTIL-PB" Name="top_Game_utilization_synth.pb"/>
  <File Type="RDS-DCP" Name="top_Game.dcp"/>
  <File Type="VDS-TIMINGSUMMARY" Name="top_Game_timing_summary_synth.rpt"/>
  <File Type="VDS-TIMING-PB" Name="top_Game_timing_summary_synth.pb"/>
  <FileSet Name="sources" Type="DesignSrcs" RelSrcDir="$PSRCDIR/sources_1">
    <Filter Type="Srcs"/>
    <File Path="$PSRCDIR/sources_1/all_sources/DigitToSeg.v">
      <FileInfo>
        <Attr Name="ImportPath" Val="$PPRDIR/../ec551_final27/ec551_final27.srcs/sources_1/all_sources/DigitToSeg.v"/>
        <Attr Name="ImportTime" Val="1670108460"/>
        <Attr Name="UsedIn" Val="synthesis"/>
        <Attr Name="UsedIn" Val="implementation"/>
        <Attr Name="UsedIn" Val="simulation"/>
      </FileInfo>
    </File>
    <File Path="$PSRCDIR/sources_1/new/FSR_button_controller.v">
      <FileInfo>
        <Attr Name="ImportPath" Val="$PPRDIR/../ec551_final27/ec551_final27.srcs/sources_1/new/FSR_button_controller.v"/>
        <Attr Name="ImportTime" Val="1670174368"/>
        <Attr Name="UsedIn" Val="synthesis"/>
        <Attr Name="UsedIn" Val="implementation"/>
        <Attr Name="UsedIn" Val="simulation"/>
      </FileInfo>
    </File>
    <File Path="$PSRCDIR/sources_1/all_sources/analog2game.v">
      <FileInfo>
        <Attr Name="ImportPath" Val="$PPRDIR/../ec551_final27/ec551_final27.srcs/sources_1/all_sources/analog2game.v"/>
        <Attr Name="ImportTime" Val="1670172236"/>
        <Attr Name="UsedIn" Val="synthesis"/>
        <Attr Name="UsedIn" Val="implementation"/>
        <Attr Name="UsedIn" Val="simulation"/>
      </FileInfo>
    </File>
    <File Path="$PSRCDIR/sources_1/imports/hdl/bg_gen.v">
      <FileInfo>
        <Attr Name="ImportPath" Val="$PPRDIR/../../Working Copy 11.23/EC551_FinalProject/Analog_Pong_Game/Single Button Game/2018_ADC_Demo/Nexys-A7-100T-XADC.srcs/sources_1/imports/hdl/bg_gen.v"/>
        <Attr Name="ImportTime" Val="1670014638"/>
        <Attr Name="UsedIn" Val="synthesis"/>
        <Attr Name="UsedIn" Val="implementation"/>
        <Attr Name="UsedIn" Val="simulation"/>
      </FileInfo>
    </File>
    <File Path="$PSRCDIR/sources_1/all_sources/bram.v">
      <FileInfo>
        <Attr Name="ImportPath" Val="$PPRDIR/../ec551_final27/ec551_final27.srcs/sources_1/all_sources/bram.v"/>
        <Attr Name="ImportTime" Val="1670119536"/>
        <Attr Name="UsedIn" Val="synthesis"/>
        <Attr Name="UsedIn" Val="implementation"/>
        <Attr Name="UsedIn" Val="simulation"/>
      </FileInfo>
    </File>
    <File Path="$PSRCDIR/sources_1/all_sources/clock_divider.v">
      <FileInfo>
        <Attr Name="ImportPath" Val="$PPRDIR/../ec551_final27/ec551_final27.srcs/sources_1/all_sources/clock_divider.v"/>
        <Attr Name="ImportTime" Val="1670014638"/>
        <Attr Name="UsedIn" Val="synthesis"/>
        <Attr Name="UsedIn" Val="implementation"/>
        <Attr Name="UsedIn" Val="simulation"/>
      </FileInfo>
    </File>
    <File Path="$PSRCDIR/sources_1/all_sources/counter3bit.v">
      <FileInfo>
        <Attr Name="ImportPath" Val="$PPRDIR/../ec551_final27/ec551_final27.srcs/sources_1/all_sources/counter3bit.v"/>
        <Attr Name="ImportTime" Val="1670108208"/>
        <Attr Name="UsedIn" Val="synthesis"/>
        <Attr Name="UsedIn" Val="implementation"/>
        <Attr Name="UsedIn" Val="simulation"/>
      </FileInfo>
    </File>
    <File Path="$PSRCDIR/sources_1/all_sources/debounce.v">
      <FileInfo>
        <Attr Name="ImportPath" Val="$PPRDIR/../ec551_final27/ec551_final27.srcs/sources_1/all_sources/debounce.v"/>
        <Attr Name="ImportTime" Val="1670108208"/>
        <Attr Name="UsedIn" Val="synthesis"/>
        <Attr Name="UsedIn" Val="implementation"/>
        <Attr Name="UsedIn" Val="simulation"/>
      </FileInfo>
    </File>
    <File Path="$PSRCDIR/sources_1/all_sources/dec_bcd.v">
      <FileInfo>
        <Attr Name="ImportPath" Val="$PPRDIR/../ec551_final27/ec551_final27.srcs/sources_1/all_sources/dec_bcd.v"/>
        <Attr Name="ImportTime" Val="1670108208"/>
        <Attr Name="UsedIn" Val="synthesis"/>
        <Attr Name="UsedIn" Val="implementation"/>
        <Attr Name="UsedIn" Val="simulation"/>
      </FileInfo>
    </File>
    <File Path="$PSRCDIR/sources_1/all_sources/decoder3_8.v">
      <FileInfo>
        <Attr Name="ImportPath" Val="$PPRDIR/../ec551_final27/ec551_final27.srcs/sources_1/all_sources/decoder3_8.v"/>
        <Attr Name="ImportTime" Val="1670108208"/>
        <Attr Name="UsedIn" Val="synthesis"/>
        <Attr Name="UsedIn" Val="implementation"/>
        <Attr Name="UsedIn" Val="simulation"/>
      </FileInfo>
    </File>
    <File Path="$PSRCDIR/sources_1/all_sources/end_capture.v">
      <FileInfo>
        <Attr Name="ImportPath" Val="$PPRDIR/../ec551_final27/ec551_final27.srcs/sources_1/all_sources/end_capture.v"/>
        <Attr Name="ImportTime" Val="1670116702"/>
        <Attr Name="UsedIn" Val="synthesis"/>
        <Attr Name="UsedIn" Val="implementation"/>
        <Attr Name="UsedIn" Val="simulation"/>
      </FileInfo>
    </File>
    <File Path="$PSRCDIR/sources_1/all_sources/game.v">
      <FileInfo>
        <Attr Name="ImportPath" Val="$PPRDIR/../ec551_final27/ec551_final27.srcs/sources_1/all_sources/game.v"/>
        <Attr Name="ImportTime" Val="1670116612"/>
        <Attr Name="UsedIn" Val="synthesis"/>
        <Attr Name="UsedIn" Val="implementation"/>
        <Attr Name="UsedIn" Val="simulation"/>
      </FileInfo>
    </File>
    <File Path="$PSRCDIR/sources_1/all_sources/increment_one.v">
      <FileInfo>
        <Attr Name="ImportPath" Val="$PPRDIR/../ec551_final27/ec551_final27.srcs/sources_1/all_sources/increment_one.v"/>
        <Attr Name="ImportTime" Val="1670014638"/>
        <Attr Name="UsedIn" Val="synthesis"/>
        <Attr Name="UsedIn" Val="implementation"/>
        <Attr Name="UsedIn" Val="simulation"/>
      </FileInfo>
    </File>
    <File Path="$PSRCDIR/sources_1/all_sources/menu_screen.v">
      <FileInfo>
        <Attr Name="ImportPath" Val="$PPRDIR/../ec551_final27/ec551_final27.srcs/sources_1/all_sources/menu_screen.v"/>
        <Attr Name="ImportTime" Val="1670108208"/>
        <Attr Name="UsedIn" Val="synthesis"/>
        <Attr Name="UsedIn" Val="implementation"/>
        <Attr Name="UsedIn" Val="simulation"/>
      </FileInfo>
    </File>
    <File Path="$PSRCDIR/sources_1/all_sources/mux4_4bus.v">
      <FileInfo>
        <Attr Name="ImportPath" Val="$PPRDIR/../ec551_final27/ec551_final27.srcs/sources_1/all_sources/mux4_4bus.v"/>
        <Attr Name="ImportTime" Val="1670108208"/>
        <Attr Name="UsedIn" Val="synthesis"/>
        <Attr Name="UsedIn" Val="implementation"/>
        <Attr Name="UsedIn" Val="simulation"/>
      </FileInfo>
    </File>
    <File Path="$PSRCDIR/sources_1/all_sources/num_hex.v">
      <FileInfo>
        <Attr Name="ImportPath" Val="$PPRDIR/../ec551_final27/ec551_final27.srcs/sources_1/all_sources/num_hex.v"/>
        <Attr Name="ImportTime" Val="1670108208"/>
        <Attr Name="UsedIn" Val="synthesis"/>
        <Attr Name="UsedIn" Val="implementation"/>
        <Attr Name="UsedIn" Val="simulation"/>
      </FileInfo>
    </File>
    <File Path="$PSRCDIR/sources_1/all_sources/paddle.v">
      <FileInfo>
        <Attr Name="ImportPath" Val="$PPRDIR/../ec551_final27/ec551_final27.srcs/sources_1/all_sources/paddle.v"/>
        <Attr Name="ImportTime" Val="1670115828"/>
        <Attr Name="UsedIn" Val="synthesis"/>
        <Attr Name="UsedIn" Val="implementation"/>
        <Attr Name="UsedIn" Val="simulation"/>
      </FileInfo>
    </File>
    <File Path="$PSRCDIR/sources_1/all_sources/paddleh.v">
      <FileInfo>
        <Attr Name="ImportPath" Val="$PPRDIR/../ec551_final27/ec551_final27.srcs/sources_1/all_sources/paddleh.v"/>
        <Attr Name="ImportTime" Val="1670116152"/>
        <Attr Name="UsedIn" Val="synthesis"/>
        <Attr Name="UsedIn" Val="implementation"/>
        <Attr Name="UsedIn" Val="simulation"/>
      </FileInfo>
    </File>
    <File Path="$PSRCDIR/sources_1/all_sources/score_to_7seg.v">
      <FileInfo>
        <Attr Name="ImportPath" Val="$PPRDIR/../ec551_final27/ec551_final27.srcs/sources_1/all_sources/score_to_7seg.v"/>
        <Attr Name="ImportTime" Val="1670014638"/>
        <Attr Name="UsedIn" Val="synthesis"/>
        <Attr Name="UsedIn" Val="implementation"/>
        <Attr Name="UsedIn" Val="simulation"/>
      </FileInfo>
    </File>
    <File Path="$PSRCDIR/sources_1/all_sources/segClkDevider.v">
      <FileInfo>
        <Attr Name="ImportPath" Val="$PPRDIR/../ec551_final27/ec551_final27.srcs/sources_1/all_sources/segClkDevider.v"/>
        <Attr Name="ImportTime" Val="1670014638"/>
        <Attr Name="UsedIn" Val="synthesis"/>
        <Attr Name="UsedIn" Val="implementation"/>
        <Attr Name="UsedIn" Val="simulation"/>
      </FileInfo>
    </File>
    <File Path="$PSRCDIR/sources_1/all_sources/square.v">
      <FileInfo>
        <Attr Name="ImportPath" Val="$PPRDIR/../ec551_final27/ec551_final27.srcs/sources_1/all_sources/square.v"/>
        <Attr Name="ImportTime" Val="1670118994"/>
        <Attr Name="UsedIn" Val="synthesis"/>
        <Attr Name="UsedIn" Val="implementation"/>
        <Attr Name="UsedIn" Val="simulation"/>
      </FileInfo>
    </File>
    <File Path="$PSRCDIR/sources_1/all_sources/sram.v">
      <FileInfo>
        <Attr Name="ImportPath" Val="$PPRDIR/../ec551_final27/ec551_final27.srcs/sources_1/all_sources/sram.v"/>
        <Attr Name="ImportTime" Val="1670108258"/>
        <Attr Name="UsedIn" Val="synthesis"/>
        <Attr Name="UsedIn" Val="implementation"/>
        <Attr Name="UsedIn" Val="simulation"/>
      </FileInfo>
    </File>
    <File Path="$PSRCDIR/sources_1/all_sources/start_square.v">
      <FileInfo>
        <Attr Name="ImportPath" Val="$PPRDIR/../ec551_final27/ec551_final27.srcs/sources_1/all_sources/start_square.v"/>
        <Attr Name="ImportTime" Val="1670108258"/>
        <Attr Name="UsedIn" Val="synthesis"/>
        <Attr Name="UsedIn" Val="implementation"/>
        <Attr Name="UsedIn" Val="simulation"/>
      </FileInfo>
    </File>
    <File Path="$PSRCDIR/sources_1/all_sources/top.v">
      <FileInfo>
        <Attr Name="ImportPath" Val="$PPRDIR/../ec551_final27/ec551_final27.srcs/sources_1/all_sources/top.v"/>
        <Attr Name="ImportTime" Val="1670108258"/>
        <Attr Name="UsedIn" Val="synthesis"/>
        <Attr Name="UsedIn" Val="implementation"/>
        <Attr Name="UsedIn" Val="simulation"/>
      </FileInfo>
    </File>
    <File Path="$PSRCDIR/sources_1/all_sources/topmodule.v">
      <FileInfo>
        <Attr Name="ImportPath" Val="$PPRDIR/../ec551_final27/ec551_final27.srcs/sources_1/all_sources/topmodule.v"/>
        <Attr Name="ImportTime" Val="1670118690"/>
        <Attr Name="UsedIn" Val="synthesis"/>
        <Attr Name="UsedIn" Val="implementation"/>
        <Attr Name="UsedIn" Val="simulation"/>
      </FileInfo>
    </File>
    <File Path="$PSRCDIR/sources_1/all_sources/vga640x480.v">
      <FileInfo>
        <Attr Name="ImportPath" Val="$PPRDIR/../ec551_final27/ec551_final27.srcs/sources_1/all_sources/vga640x480.v"/>
        <Attr Name="ImportTime" Val="1670108258"/>
        <Attr Name="UsedIn" Val="synthesis"/>
        <Attr Name="UsedIn" Val="implementation"/>
        <Attr Name="UsedIn" Val="simulation"/>
      </FileInfo>
    </File>
    <File Path="$PSRCDIR/sources_1/all_sources/top_Game.v">
      <FileInfo>
        <Attr Name="ImportPath" Val="$PPRDIR/../ec551_final27/ec551_final27.srcs/sources_1/all_sources/top_Game.v"/>
        <Attr Name="ImportTime" Val="1670174425"/>
        <Attr Name="UsedIn" Val="synthesis"/>
        <Attr Name="UsedIn" Val="implementation"/>
        <Attr Name="UsedIn" Val="simulation"/>
      </FileInfo>
    </File>
    <File Path="$PSRCDIR/sources_1/new/clk_divider.v">
      <FileInfo>
        <Attr Name="AutoDisabled" Val="1"/>
        <Attr Name="UsedIn" Val="synthesis"/>
        <Attr Name="UsedIn" Val="implementation"/>
        <Attr Name="UsedIn" Val="simulation"/>
      </FileInfo>
    </File>
    <File Path="$PSRCDIR/sources_1/all_sources/bg_gen.v">
      <FileInfo>
        <Attr Name="AutoDisabled" Val="1"/>
        <Attr Name="ImportPath" Val="$PPRDIR/../ec551_final27/ec551_final27.srcs/sources_1/all_sources/bg_gen.v"/>
        <Attr Name="ImportTime" Val="1670108258"/>
        <Attr Name="UsedIn" Val="synthesis"/>
        <Attr Name="UsedIn" Val="implementation"/>
        <Attr Name="UsedIn" Val="simulation"/>
      </FileInfo>
    </File>
    <File Path="$PSRCDIR/sources_1/all_sources/paddle.h">
      <FileInfo>
        <Attr Name="AutoDisabled" Val="1"/>
        <Attr Name="ImportPath" Val="$PPRDIR/../ec551_final27/ec551_final27.srcs/sources_1/all_sources/paddle.h"/>
        <Attr Name="ImportTime" Val="1670108848"/>
        <Attr Name="UsedIn" Val="synthesis"/>
        <Attr Name="UsedIn" Val="simulation"/>
      </FileInfo>
    </File>
    <File Path="$PSRCDIR/sources_1/all_sources/sram_write.v">
      <FileInfo>
        <Attr Name="AutoDisabled" Val="1"/>
        <Attr Name="ImportPath" Val="$PPRDIR/../ec551_final27/ec551_final27.srcs/sources_1/all_sources/sram_write.v"/>
        <Attr Name="ImportTime" Val="1670108258"/>
        <Attr Name="UsedIn" Val="synthesis"/>
        <Attr Name="UsedIn" Val="implementation"/>
        <Attr Name="UsedIn" Val="simulation"/>
      </FileInfo>
    </File>
    <File Path="$PSRCDIR/sources_1/all_sources/memory_part/gameover_palette.mem">
      <FileInfo>
        <Attr Name="ImportPath" Val="$PPRDIR/../ec551_final27/ec551_final27.srcs/sources_1/all_sources/memory_part/gameover_palette.mem"/>
        <Attr Name="ImportTime" Val="1670108258"/>
        <Attr Name="UsedIn" Val="synthesis"/>
        <Attr Name="UsedIn" Val="simulation"/>
      </FileInfo>
    </File>
    <File Path="$PSRCDIR/sources_1/all_sources/memory_part/over_palette.mem">
      <FileInfo>
        <Attr Name="ImportPath" Val="$PPRDIR/../ec551_final27/ec551_final27.srcs/sources_1/all_sources/memory_part/over_palette.mem"/>
        <Attr Name="ImportTime" Val="1670108258"/>
        <Attr Name="UsedIn" Val="synthesis"/>
        <Attr Name="UsedIn" Val="simulation"/>
      </FileInfo>
    </File>
    <File Path="$PSRCDIR/sources_1/all_sources/memory_part/gameover.mem">
      <FileInfo>
        <Attr Name="ImportPath" Val="$PPRDIR/../ec551_final27/ec551_final27.srcs/sources_1/all_sources/memory_part/gameover.mem"/>
        <Attr Name="ImportTime" Val="1670108258"/>
        <Attr Name="UsedIn" Val="synthesis"/>
        <Attr Name="UsedIn" Val="simulation"/>
      </FileInfo>
    </File>
    <File Path="$PSRCDIR/sources_1/all_sources/memory_part/over.mem">
      <FileInfo>
        <Attr Name="ImportPath" Val="$PPRDIR/../ec551_final27/ec551_final27.srcs/sources_1/all_sources/memory_part/over.mem"/>
        <Attr Name="ImportTime" Val="1670108258"/>
        <Attr Name="UsedIn" Val="synthesis"/>
        <Attr Name="UsedIn" Val="simulation"/>
      </FileInfo>
    </File>
    <Config>
      <Option Name="DesignMode" Val="RTL"/>
      <Option Name="TopModule" Val="top_Game"/>
    </Config>
  </FileSet>
  <FileSet Name="constrs_in" Type="Constrs" RelSrcDir="$PSRCDIR/constrs_1">
    <Filter Type="Constrs"/>
    <File Path="$PSRCDIR/constrs_1/imports/constraints/Nexys-A7-100T-Master.xdc">
      <FileInfo>
        <Attr Name="ImportPath" Val="$PPRDIR/../EC551_FinalProject-ma/EC551_FinalProject-main/Analog_Pong_Game/Single Button Game/2018_ADC_Demo/Nexys-A7-100T-XADC.srcs/constrs_1/imports/constraints/Nexys-A7-100T-Master.xdc"/>
        <Attr Name="ImportTime" Val="1669399581"/>
        <Attr Name="UsedIn" Val="synthesis"/>
        <Attr Name="UsedIn" Val="implementation"/>
      </FileInfo>
    </File>
    <Config>
      <Option Name="TargetConstrsFile" Val="$PSRCDIR/constrs_1/imports/constraints/Nexys-A7-100T-Master.xdc"/>
      <Option Name="ConstrsType" Val="XDC"/>
    </Config>
  </FileSet>
  <FileSet Name="utils" Type="Utils" RelSrcDir="$PSRCDIR/utils_1">
    <Filter Type="Utils"/>
    <Config>
      <Option Name="TopAutoSet" Val="TRUE"/>
    </Config>
  </FileSet>
  <Strategy Version="1" Minor="2">
    <StratHandle Name="Vivado Synthesis Defaults" Flow="Vivado Synthesis 2019"/>
    <Step Id="synth_design"/>
  </Strategy>
  <BlockFileSet Type="BlockSrcs" Name="xadc_wiz_0"/>
</GenRun>
