<?xml version="1.0" encoding="UTF-8"?>
<GenRun Id="xadc_wiz_0_synth_1" LaunchPart="xc7a100tcsg324-1" LaunchTime="1669771047">
  <File Type="PA-TCL" Name="xadc_wiz_0.tcl"/>
  <File Type="RDS-PROPCONSTRS" Name="xadc_wiz_0_drc_synth.rpt"/>
  <File Type="REPORTS-TCL" Name="xadc_wiz_0_reports.tcl"/>
  <File Type="RDS-RDS" Name="xadc_wiz_0.vds"/>
  <File Type="RDS-UTIL" Name="xadc_wiz_0_utilization_synth.rpt"/>
  <File Type="RDS-UTIL-PB" Name="xadc_wiz_0_utilization_synth.pb"/>
  <File Type="RDS-DCP" Name="xadc_wiz_0.dcp"/>
  <File Type="VDS-TIMINGSUMMARY" Name="xadc_wiz_0_timing_summary_synth.rpt"/>
  <File Type="VDS-TIMING-PB" Name="xadc_wiz_0_timing_summary_synth.pb"/>
  <FileSet Name="sources" Type="BlockSrcs" RelSrcDir="$PSRCDIR/xadc_wiz_0">
    <File Path="$PPRDIR/../ec551_final27/ec551_final27.srcs/sources_1/ip/xadc_wiz_0/xadc_wiz_0.xci">
      <FileInfo>
        <Attr Name="ImportPath" Val="$PPRDIR/../EC551_FinalProject-ma/EC551_FinalProject-main/Analog_Pong_Game/Single Button Game/2018_ADC_Demo/Nexys-A7-100T-XADC.srcs/xadc_wiz_0/ip/xadc_wiz_0/xadc_wiz_0.xci"/>
        <Attr Name="ImportTime" Val="1669399965"/>
        <Attr Name="UsedIn" Val="synthesis"/>
        <Attr Name="UsedIn" Val="implementation"/>
        <Attr Name="UsedIn" Val="simulation"/>
      </FileInfo>
    </File>
    <Config>
      <Option Name="TopModule" Val="xadc_wiz_0"/>
      <Option Name="UseBlackboxStub" Val="1"/>
    </Config>
  </FileSet>
  <FileSet Name="constrs_in" Type="BlockSrcs" RelSrcDir="$PSRCDIR/xadc_wiz_0">
    <File Path="$PPRDIR/../ec551_final27/ec551_final27.srcs/sources_1/ip/xadc_wiz_0/xadc_wiz_0.xci">
      <FileInfo>
        <Attr Name="ImportPath" Val="$PPRDIR/../EC551_FinalProject-ma/EC551_FinalProject-main/Analog_Pong_Game/Single Button Game/2018_ADC_Demo/Nexys-A7-100T-XADC.srcs/xadc_wiz_0/ip/xadc_wiz_0/xadc_wiz_0.xci"/>
        <Attr Name="ImportTime" Val="1669399965"/>
        <Attr Name="UsedIn" Val="synthesis"/>
        <Attr Name="UsedIn" Val="implementation"/>
        <Attr Name="UsedIn" Val="simulation"/>
      </FileInfo>
    </File>
    <Config>
      <Option Name="TopModule" Val="xadc_wiz_0"/>
      <Option Name="UseBlackboxStub" Val="1"/>
    </Config>
  </FileSet>
  <FileSet Name="utils" Type="Utils" RelSrcDir="$PSRCDIR/utils_1">
    <Filter Type="Utils"/>
    <Config>
      <Option Name="TopAutoSet" Val="TRUE"/>
    </Config>
  </FileSet>
  <Strategy Version="1" Minor="2">
    <StratHandle Name="Vivado Synthesis Defaults" Flow="Vivado Synthesis 2019"/>
    <Step Id="synth_design"/>
  </Strategy>
</GenRun>
